SMILES,Property
O=[N+](C(COCOCC([N+]([O-])=O)([N+]([O-])=O)[N+]([O-])=O)([N+]([O-])=O)[N+]([O-])=O)[O-],468.15
N1(C=NN=N1)CCN(CCN2C=NN=N2)CCN3N=NN=C3,472.15
OCCN1N=C(N(/N=N/C2=NN(CCO)N=N2)/N=N/C3=NN(CCO)N=N3)N=N1,392.15
C1(N(C2=NN=CN=N2)C3=NN=CN=N3)=NN=CN=N1,504.15
O=[N+](C(COC(OCC([N+]([O-])=O)([N+]([O-])=O)[N+]([O-])=O)(OCC([N+]([O-])=O)([N+]([O-])=O)[N+]([O-])=O)OCC([N+]([O-])=O)([N+]([O-])=O)[N+]([O-])=O)([N+]([O-])=O)[N+]([O-])=O)[O-],464.15
O=[N+](C(COC(OCC([N+]([O-])=O)([N+]([O-])=O)[N+]([O-])=O)(OCC([N+]([O-])=O)([N+]([O-])=O)[N+]([O-])=O)OCC([N+]([O-])=O)([N+]([O-])=O)[N+]([O-])=O)([N+]([O-])=O)[N+]([O-])=O)[O-],307.15
O=C(OCC(OC(N[N+]([O-])=O)=O)COC(N[N+]([O-])=O)=O)N[N+]([O-])=O,425.15
O=[N+](OCC(CO[N+]([O-])=O)O[N+]([O-])=O)[O-],470.55
O=[N+](OC(C(C(CO[N+]([O-])=O)O[N+]([O-])=O)O[N+]([O-])=O)CO[N+]([O-])=O)[O-],447.95
O=C(OCC)N(C1=NON=C1N([N+]([O-])=O)C(OCC)=O)[N+]([O-])=O,397.15
O=C(OCCOCCOC(CN=[N+]=[N-])=O)CN=[N+]=[N-],504.52
O=[N+](C1=NON=C1N([N+]([O-])=O)CN([N+]([O-])=O)CN([N+]([O-])=O)C2=NON=C2[N+]([O-])=O)[O-],423.15
CC1(O[N+]([O-])=O)COC1,414.15
CN(CC(N[N+]([O-])=O)=O)[N+]([O-])=O,386.15
CN(CC(O)=O)[N+]([O-])=O,426.15
CN(N)N=O,394.15
CN[N+]([O-])=O,359.15
CN(CC(NNCC([N+]([O-])=O)([N+]([O-])=O)[N+]([O-])=O)=O)[N+]([O-])=O,381.15
CC1=CN(N2C(N)=NN=N2)N=N1,402.85
O=[N+](NC1=NN(CCO[N+]([O-])=O)N=N1)[O-],364.07
CN([N+]([O-])=O)CN1N=C([N+]([O-])=O)C=C1[N+]([O-])=O,483.15
NC1=C(N(CCCN2N=NN=C2N)N=C1[N+]([O-])=O)[N+]([O-])=O,538.15
O=[N+](C([N+]([O-])=O)([N+]([O-])=O)CNC1=NN=NN1OC)[O-],421.15
N/C(NC)=C([N+]([O-])=O)/[N+]([O-])=O,517.61
N/C(NO)=C([N+]([O-])=O)/[N+]([O-])=O,348.15
O=[N+](C(CNN1C=NN=C1)([N+]([O-])=O)[N+]([O-])=O)[O-],399.65
NC1=NN=C2N=NC(NC3=NON=C3[N+]([O-])=O)=NN21,522.65
NC1=NN=C2N=NC(NC3=NC([N+]([O-])=O)=NO3)=NN21,495.15
O=[N+](C1=NNC([N+]([O-])=O)=C1C2=NC(C3=NNC(C4=C([N+]([O-])=O)NN=C4[N+]([O-])=O)=N3)=NN2)[O-],645.15
NC1=NNC(NC2=NN=C(NC3=NC(N)=NN3)N=N2)=N1,630.25
C1(NC2=NN=C(NC3=NC=NN3)N=N2)=NC=NN1,623.15
O=[N+](C1=NNC(NC2=NN=C(NC3=NC([N+]([O-])=O)=NN3)N=N2)=N1)[O-],556.75
O=[N+](C1=NNC(NC2=NN=C(N=N2)NC3=NC([N+]([O-])=O)=NN3)=N1)[O-],575.15
O=[N+](N(CN([N+]([O-])=O)C1=NON=C1C#N)C2=NON=C2C#N)[O-],405.15
[N-]=[N+]=NC1=NNC(NC2=NN=C(NC3=NC(N=[N+]=[N-])=NN3)N=N2)=N1,462.95
CN1N=NC(NC2=NN=C(NC3=NN(C)N=N3)N=N2)=N1,579.15
C12=NN=CN1N=CN=N2,516.15
O=[N+](C1=NN(C([N+]([O-])=O)=C1[N+]([O-])=O)CN2C([N+]([O-])=O)=C([N+]([O-])=O)C([N+]([O-])=O)=N2)[O-],478.15
NC(N=C1N)=NN1C2=NN=C(N3C(N)=NC(N)=N3)N=N2,643.15
NC1=NC([N+]([O-])=O)=NN1NCC([N+]([O-])=O)([N+]([O-])=O)[N+]([O-])=O,381.15
